category,reason,n
clear_in_taxonomy,model_self_reported_low_confidence,1
clear_in_taxonomy,no_task_identified,1
multi_issue,model_self_reported_low_confidence,4
multi_issue,no_task_identified,3
non_actionable,model_self_reported_low_confidence,12
non_actionable,no_task_or_problem_identified,10
non_actionable,tiny_metric_bundle,10
non_actionable,no_problem_identified,1
out_of_taxonomy,model_self_reported_low_confidence,11
out_of_taxonomy,no_task_identified,7
out_of_taxonomy,no_task_or_problem_identified,2
out_of_taxonomy,tiny_metric_bundle,2
terse,model_self_reported_low_confidence,10
terse,no_task_identified,10
vague,model_self_reported_low_confidence,12
vague,no_task_or_problem_identified,11
vague,tiny_metric_bundle,11
vague,no_task_identified,1
